Farmacia;Endereço;Bairro;Cidade;Estado;Latitude;Longitude;EnderecoCompleto
A BOTICA DROGARIA LTDA;RUA MACAÉ, Nº 373;BAIRRO DA GRAÇA;Belo Horizonte;MG;;;RUA MACAÉ, Nº 373, BAIRRO DA GRAÇA, Belo Horizonte, MG, Brasil
AG FARMA LTDA - ME;RIO DE JANEIRO;CENTRO;Belo Horizonte;MG;-19,9162884;-43,9378304;RIO DE JANEIRO, CENTRO, Belo Horizonte, MG, Brasil
ALFENAS E OLIVEIRA DROGARIA E PERFUMARIA LTDA;PORTO SEGURO;NOVA VISTA;Belo Horizonte;MG;-19,8861502;-43,900237;PORTO SEGURO, NOVA VISTA, Belo Horizonte, MG, Brasil
AMC DROGARIA LTDA - ME;GLEUCY JOSE DE OLIVEIRA;CONJUNTO TAQUARIL;Belo Horizonte;MG;-19,9186817;-43,8785493;GLEUCY JOSE DE OLIVEIRA, CONJUNTO TAQUARIL, Belo Horizonte, MG, Brasil
APOLITANA FERNANDA GONCALVES;OTY DA COSTA LAGE;SAO BENTO;Belo Horizonte;MG;-19,9569769;-43,954111;OTY DA COSTA LAGE, SAO BENTO, Belo Horizonte, MG, Brasil
AVANTE FORMULA LTDA - ME;DORESOPOLIS;FERNAO DIAS;Belo Horizonte;MG;-19,8736074;-43,9197268;DORESOPOLIS, FERNAO DIAS, Belo Horizonte, MG, Brasil
BH DIET - A CASA DO DIABETICO LTDA.;SOLFERINA RICCI PACE;CDI JATOBA (BARREIRO);Belo Horizonte;MG;-19,999137;-44,0409655;SOLFERINA RICCI PACE, CDI JATOBA (BARREIRO), Belo Horizonte, MG, Brasil
BHDIET- A CASA DO DIABETICO LTDA;RUA Cecília FONSECA COUTINHO 205;SANTA EFIGENIA;Belo Horizonte;MG;-19,9237686;-43,9212458;RUA Cecília FONSECA COUTINHO 205, SANTA EFIGENIA, Belo Horizonte, MG, Brasil
CENDROL CENTRAL DROGAS LTDA;MAJOR DELFINO DE PAULA;SAO FRANCISCO;Belo Horizonte;MG;-19,8793223;-43,9577846;MAJOR DELFINO DE PAULA, SAO FRANCISCO, Belo Horizonte, MG, Brasil
CLOVES RODRIGUES DA FONSECA;SERRANA;SERRANO;Belo Horizonte;MG;-19,8831144;-44,0120556;SERRANA, SERRANO, Belo Horizonte, MG, Brasil
COMERCIAL DERENUSSON LTDA;JOSE BENEVIDES DA SILVEIRA;LETICIA;Belo Horizonte;MG;-19,8070283;-43,9804371;JOSE BENEVIDES DA SILVEIRA, LETICIA, Belo Horizonte, MG, Brasil
COMERCIAL PEREIRA ALVES LTDA - ME;SAO PAULO;LOURDES;Belo Horizonte;MG;-19,9316929;-43,9434441;SAO PAULO, LOURDES, Belo Horizonte, MG, Brasil
DROGA G SANTA TEREZINHA LTDA;JULITA NOGUEIRA SOARES;SANTA TEREZINHA;Belo Horizonte;MG;-19,8707202;-44,0083552;JULITA NOGUEIRA SOARES, SANTA TEREZINHA, Belo Horizonte, MG, Brasil
DROGA HUM LTDA;TURQUESA;PRADO;Belo Horizonte;MG;-19,9276033;-43,9588071;TURQUESA, PRADO, Belo Horizonte, MG, Brasil
DROGA PRIMA LTDA;JACUI;IPIRANGA;Belo Horizonte;MG;-19,8829311;-43,9343723;JACUI, IPIRANGA, Belo Horizonte, MG, Brasil
DROGA SOUZA LTDA ME;ANTONIO JOSE DOS SANTOS;CEU AZUL;Belo Horizonte;MG;-19,8227499;-44,0039799;ANTONIO JOSE DOS SANTOS, CEU AZUL, Belo Horizonte, MG, Brasil
DROGA VIDA NOVA LTDA;JEQUITINHONHA, Nº 914 LOJA 02;SAUDADE;Belo Horizonte;MG;-19,915066;-43,8990987;JEQUITINHONHA, Nº 914 LOJA 02, SAUDADE, Belo Horizonte, MG, Brasil
DROGA-ANA LTDA;AGOSTINHO MARTINI;LAGOINHA;Belo Horizonte;MG;-19,905165;-43,9462803;AGOSTINHO MARTINI, LAGOINHA, Belo Horizonte, MG, Brasil
DROGABABY LTDA ME;CONTAGEM;SANTA INES;Belo Horizonte;MG;-19,8947669;-43,9114394;CONTAGEM, SANTA INES, Belo Horizonte, MG, Brasil
DROGACELSO LTDA;DOUTOR ALIPIO GOULART;SERRA;Belo Horizonte;MG;-19,9387492;-43,9129846;DOUTOR ALIPIO GOULART, SERRA, Belo Horizonte, MG, Brasil
DROGACHAME LTDA - ME;RODRIGUES CALDAS;SANTO AGOSTINHO;Belo Horizonte;MG;-19,9319828;-43,9502228;RODRIGUES CALDAS, SANTO AGOSTINHO, Belo Horizonte, MG, Brasil
DROGAD'ELLAS LTDA - ME;NENEM LARA ROCHA;SERRA VERDE (VENDA NOVA);Belo Horizonte;MG;-19,8019783;-43,9556194;NENEM LARA ROCHA, SERRA VERDE (VENDA NOVA), Belo Horizonte, MG, Brasil
DROGADAVIS LTDA - ME;GENERAL OLIMPIO MOURAO FILHO;PLANALTO;Belo Horizonte;MG;-19,8324239;-43,9577422;GENERAL OLIMPIO MOURAO FILHO, PLANALTO, Belo Horizonte, MG, Brasil
DROGAGERAIS LTDA;SANTAREM;NOVA CINTRA;Belo Horizonte;MG;-19,9490006;-43,9910084;SANTAREM, NOVA CINTRA, Belo Horizonte, MG, Brasil
DROGAGUIEIRO LTDA - ME;JOSE SANTOS LAJE, 411, LOJA;CONJ ANT TEIX DIAS;Belo Horizonte;MG;;;JOSE SANTOS LAJE, 411, LOJA, CONJ ANT TEIX DIAS, Belo Horizonte, MG, Brasil
DROGAJAU LTDA;BENJAMIM JACOB;GUTIERREZ;Belo Horizonte;MG;-19,940883;-43,9590024;BENJAMIM JACOB, GUTIERREZ, Belo Horizonte, MG, Brasil
DROGALINA, COMERCIO DE DROGAS, MEDICAMENTOS E PERFUMARIA LTDA - ME;WALDOMIRO LOBO;GUARANI;Belo Horizonte;MG;-19,8458758;-43,9297969;WALDOMIRO LOBO, GUARANI, Belo Horizonte, MG, Brasil
DROGALONE LTDA;DOUTOR CRISTIANO REZENDE;BONSUCESSO (BARREIRO);Belo Horizonte;MG;-19,9865324;-43,9885272;DOUTOR CRISTIANO REZENDE, BONSUCESSO (BARREIRO), Belo Horizonte, MG, Brasil
DROGAMAJ LTDA;AVENIDA AGGEO PIO SOBRINHO, 415 - LOJA 03;BURITIS;Belo Horizonte;MG;-19,9765791;-43,9674165;AVENIDA AGGEO PIO SOBRINHO, 415 - LOJA 03, BURITIS, Belo Horizonte, MG, Brasil
DROGAMARIO FARMACIA E DROGARIA LTDA EPP;AVENIDA SINFRONIO BROCHADO, Nº 125;BARREIRO;Belo Horizonte;MG;-19,9755032;-44,0132999;AVENIDA SINFRONIO BROCHADO, Nº 125, BARREIRO, Belo Horizonte, MG, Brasil
DROGAMARTE LTDA;DEPUTADO CLAUDIO PINHEIRO DE LIMA;GLORIA;Belo Horizonte;MG;-19,9025966;-44,0075045;DEPUTADO CLAUDIO PINHEIRO DE LIMA, GLORIA, Belo Horizonte, MG, Brasil
DROGAMAXI DROGARIA EIRELI;LAGOA DA PRATA;SALGADO FILHO;Belo Horizonte;MG;-19,9380495;-43,9820687;LAGOA DA PRATA, SALGADO FILHO, Belo Horizonte, MG, Brasil
DROGANOSSA LTDA;DO CONTORNO;FLORESTA;Belo Horizonte;MG;-19,9134329;-43,9295357;DO CONTORNO, FLORESTA, Belo Horizonte, MG, Brasil
DROGARIA & CIA LTDA;GUARAPARI;SANTA AMELIA;Belo Horizonte;MG;-19,8405072;-43,9778788;GUARAPARI, SANTA AMELIA, Belo Horizonte, MG, Brasil
DROGARIA & PERFUMARIA FIALHO LTDA;DJEZAR LEITE;GAMELEIRA;Belo Horizonte;MG;-19,9405157;-43,9948559;DJEZAR LEITE, GAMELEIRA, Belo Horizonte, MG, Brasil
DROGARIA AECIO LTDA;JOSUE MARTINS DE SOUZA;LAGOA;Belo Horizonte;MG;-19,8090965;-44,0033378;JOSUE MARTINS DE SOUZA, LAGOA, Belo Horizonte, MG, Brasil
DROGARIA ALEXANDRE LTDA;EDMAR COLINI FERREIRA;MANTIQUEIRA;Belo Horizonte;MG;-19,7897679;-43,9896449;EDMAR COLINI FERREIRA, MANTIQUEIRA, Belo Horizonte, MG, Brasil
DROGARIA ALVORADA LTDA ME;RUA BELMIRO BRAGA, 1371;Caiçara;Belo Horizonte;MG;-19,906363;-43,9712143;RUA BELMIRO BRAGA, 1371, Caiçara, Belo Horizonte, MG, Brasil
DROGARIA ANDRADAS LTDA;DOS CAETES;CENTRO;Belo Horizonte;MG;-19,9152634;-43,9436658;DOS CAETES, CENTRO, Belo Horizonte, MG, Brasil
DROGARIA ANDREZA LTDA ME;BOAVENTURA;LIBERDADE;Belo Horizonte;MG;-19,8636038;-43,9547231;BOAVENTURA, LIBERDADE, Belo Horizonte, MG, Brasil
DROGARIA ANGELO RONCALLI LTA;SENADOR LEVINDO COELHO;MARIETA I;Belo Horizonte;MG;-19,9915956;-44,0347937;SENADOR LEVINDO COELHO, MARIETA I, Belo Horizonte, MG, Brasil
DROGARIA APOLO LTDA;EDUARDO CARLOS;ARAGUAIA;Belo Horizonte;MG;-19,9902015;-44,0008435;EDUARDO CARLOS, ARAGUAIA, Belo Horizonte, MG, Brasil
DROGARIA ARAUJO S.A;AVENIDA SILVIANO BRANDAO 1682;HORTO;Belo Horizonte;MG;-19,9084249;-43,9136665;AVENIDA SILVIANO BRANDAO 1682, HORTO, Belo Horizonte, MG, Brasil
DROGARIA ARAUJO S.A;BR-356 3049;BELVEDERE;Belo Horizonte;MG;-19,9779451;-43,9476492;BR-356 3049, BELVEDERE, Belo Horizonte, MG, Brasil
DROGARIA ARAUJO S.A;BRASIL 893;SANTA EFIGENIA;Belo Horizonte;MG;-19,9236416;-43,9211202;BRASIL 893, SANTA EFIGENIA, Belo Horizonte, MG, Brasil
DROGARIA ARAUJO S.A;JACUI 940;FLORESTA;Belo Horizonte;MG;-19,9075074;-43,9322657;JACUI 940, FLORESTA, Belo Horizonte, MG, Brasil
DROGARIA ARAUJO S.A;RUA AUGUSTO DOS ANJOS, Nº 400 - LJ 06;VISCONDE DO RIO BRANCO;Belo Horizonte;MG;-19,8182833;-43,9854839;RUA AUGUSTO DOS ANJOS, Nº 400 - LJ 06, VISCONDE DO RIO BRANCO, Belo Horizonte, MG, Brasil
DROGARIA ARAUJO S.A;RUA CONSELHEIRO LAFAIETE 748;FLORESTA;Belo Horizonte;MG;-19,911874;-43,9255785;RUA CONSELHEIRO LAFAIETE 748, FLORESTA, Belo Horizonte, MG, Brasil
DROGARIA ARAÚJO S.A;AVENIDA GETULIO VARGAS, 840;FUNCIONÁRIOS;Belo Horizonte;MG;-19,9322712;-43,924848;AVENIDA GETULIO VARGAS, 840, FUNCIONÁRIOS, Belo Horizonte, MG, Brasil
DROGARIA ARAUJO S.A.;AV AMERICO VESPUCIO, 1271;APARECIDA;Belo Horizonte;MG;-19,8913875;-43,9571467;AV AMERICO VESPUCIO, 1271, APARECIDA, Belo Horizonte, MG, Brasil
DROGARIA ARAUJO S.A.;AV. AUGUSTO DE LIMA Nº744 LOJA 156;CENTRO;Belo Horizonte;MG;-19,9193308;-43,9403488;AV. AUGUSTO DE LIMA Nº744 LOJA 156, CENTRO, Belo Horizonte, MG, Brasil
DROGARIA ARAUJO S.A.;AV. OLEGARIO MACIEL Nº1600 LOJA BG 14;LOURDES;Belo Horizonte;MG;-19,9315166;-43,943439;AV. OLEGARIO MACIEL Nº1600 LOJA BG 14, LOURDES, Belo Horizonte, MG, Brasil
DROGARIA ARAUJO S.A.;AVENIDA  PORTUGAL Nº2841;JARDIM ATLANTIDA;Belo Horizonte;MG;;;AVENIDA  PORTUGAL Nº2841, JARDIM ATLANTIDA, Belo Horizonte, MG, Brasil
DROGARIA ARAUJO S.A.;AVENIDA ALFREDO CAMARATE, 533;São LUIZ;Belo Horizonte;MG;-19,8705456;-43,9762386;AVENIDA ALFREDO CAMARATE, 533, São LUIZ, Belo Horizonte, MG, Brasil
DROGARIA ARAUJO S.A.;AVENIDA AMAZONAS N.4746;NOVA SUISA;Belo Horizonte;MG;;;AVENIDA AMAZONAS N.4746, NOVA SUISA, Belo Horizonte, MG, Brasil
DROGARIA ARAUJO S.A.;AVENIDA ANDRE CAVALCANTI 222;GUTIERREZ;Belo Horizonte;MG;-19,9396376;-43,9586691;AVENIDA ANDRE CAVALCANTI 222, GUTIERREZ, Belo Horizonte, MG, Brasil
DROGARIA ARAUJO S.A.;AVENIDA COTORNO, 4731;SERRA;Belo Horizonte;MG;-19,9405557;-43,918423;AVENIDA COTORNO, 4731, SERRA, Belo Horizonte, MG, Brasil
DROGARIA ARAUJO S.A.;AVENIDA CRISTIANO MACHADO Nº4000 LOJA 411;UNIAO;Belo Horizonte;MG;-19,8809274;-43,9234575;AVENIDA CRISTIANO MACHADO Nº4000 LOJA 411, UNIAO, Belo Horizonte, MG, Brasil
DROGARIA ARAUJO S.A.;AVENIDA DO CONTORNO N.6619;SANTO ANTONIO;Belo Horizonte;MG;-19,9433294;-43,9434203;AVENIDA DO CONTORNO N.6619, SANTO ANTONIO, Belo Horizonte, MG, Brasil
DROGARIA ARAUJO S.A.;AVENIDA DOM PEDRO I, 402, LOJA 330;ITAPOA;Belo Horizonte;MG;-19,836413;-43,9598787;AVENIDA DOM PEDRO I, 402, LOJA 330, ITAPOA, Belo Horizonte, MG, Brasil
DROGARIA ARAUJO S.A.;AVENIDA DOS ANDRADAS  N.3850;POMPEIA;Belo Horizonte;MG;-19,9131336;-43,902857;AVENIDA DOS ANDRADAS  N.3850, POMPEIA, Belo Horizonte, MG, Brasil
DROGARIA ARAUJO S.A.;AVENIDA LUIZ PAULO FRANCO N.633;BELVERDE;Belo Horizonte;MG;;;AVENIDA LUIZ PAULO FRANCO N.633, BELVERDE, Belo Horizonte, MG, Brasil
DROGARIA ARAUJO S.A.;AVENIDA PARANA Nº17;CENTRO;Belo Horizonte;MG;-19,9176696;-43,9418187;AVENIDA PARANA Nº17, CENTRO, Belo Horizonte, MG, Brasil
DROGARIA ARAUJO S.A.;AVENIDA PEDRO I, 1680 LOJA B;ITAPOA;Belo Horizonte;MG;-19,836413;-43,9598787;AVENIDA PEDRO I, 1680 LOJA B, ITAPOA, Belo Horizonte, MG, Brasil
DROGARIA ARAUJO S.A.;AVENIDA PEDRO II 2856;CARLOS PRATES;Belo Horizonte;MG;-19,9107661;-43,9678974;AVENIDA PEDRO II 2856, CARLOS PRATES, Belo Horizonte, MG, Brasil
DROGARIA ARAUJO S.A.;AVENIDA PRES. ANTONIO CARLOS, 7920 - 7924;SAO LUIZ;Belo Horizonte;MG;-19,856814;-43,9676434;AVENIDA PRES. ANTONIO CARLOS, 7920 - 7924, SAO LUIZ, Belo Horizonte, MG, Brasil
DROGARIA ARAUJO S.A.;AVENIDA PROFESSOR MARIO WERNECK;ESTORIL;Belo Horizonte;MG;-19,9668128;-43,9591859;AVENIDA PROFESSOR MARIO WERNECK, ESTORIL, Belo Horizonte, MG, Brasil
DROGARIA ARAUJO S.A.;AVENIDA PRUDENTE DE MORAIS Nº1000;CIDADE JARDIM;Belo Horizonte;MG;-19,937306;-43,9472329;AVENIDA PRUDENTE DE MORAIS Nº1000, CIDADE JARDIM, Belo Horizonte, MG, Brasil
DROGARIA ARAUJO S.A.;AVENIDA RAJA GABAGLIA Nº4427;SANTA LUCIA;Belo Horizonte;MG;-19,9695483;-43,9543779;AVENIDA RAJA GABAGLIA Nº4427, SANTA LUCIA, Belo Horizonte, MG, Brasil
DROGARIA ARAUJO S.A.;Praça DA BANDEIRA Nº 180;COMITECO;Belo Horizonte;MG;-19,9553562;-43,9215863;Praça DA BANDEIRA Nº 180, COMITECO, Belo Horizonte, MG, Brasil
DROGARIA ARAUJO S.A.;Praça HUGO WERNECK , 455;SANTA EFIGENIA;Belo Horizonte;MG;-19,9245986;-43,927008;Praça HUGO WERNECK , 455, SANTA EFIGENIA, Belo Horizonte, MG, Brasil
DROGARIA ARAUJO S.A.;RUA  DA BAHIA, Nº 1070;CENTRO;Belo Horizonte;MG;-19,9152382;-43,9347817;RUA  DA BAHIA, Nº 1070, CENTRO, Belo Horizonte, MG, Brasil
DROGARIA ARAUJO S.A.;RUA CEL. PEDRO PAULO PENIDO , 128;CIDADE NOVA;Belo Horizonte;MG;-19,8903523;-43,9275683;RUA CEL. PEDRO PAULO PENIDO , 128, CIDADE NOVA, Belo Horizonte, MG, Brasil
DROGARIA ARAUJO S.A.;RUA CORAÇÃO EUCARÍSTICO DE JESUS, 139;COR EUC DE JUSUS;Belo Horizonte;MG;;;RUA CORAÇÃO EUCARÍSTICO DE JESUS, 139, COR EUC DE JUSUS, Belo Horizonte, MG, Brasil
DROGARIA ARAUJO S.A.;RUA CURITIBA  N.2351;LOURDES;Belo Horizonte;MG;-19,9315166;-43,943439;RUA CURITIBA  N.2351, LOURDES, Belo Horizonte, MG, Brasil
DROGARIA ARAUJO S.A.;RUA DO OURO Nº870;SERRA;Belo Horizonte;MG;-19,9405557;-43,918423;RUA DO OURO Nº870, SERRA, Belo Horizonte, MG, Brasil
DROGARIA ARAUJO S.A.;RUA DOS TUPIS N.347 LOJA 01;CENTRO;Belo Horizonte;MG;-19,9193308;-43,9403488;RUA DOS TUPIS N.347 LOJA 01, CENTRO, Belo Horizonte, MG, Brasil
DROGARIA ARAUJO S.A.;RUA ESPIRITO SANTO Nº437;CENTRO;Belo Horizonte;MG;-19,9193308;-43,9403488;RUA ESPIRITO SANTO Nº437, CENTRO, Belo Horizonte, MG, Brasil
DROGARIA ARAUJO S.A.;RUA GUIACUI, 660 LOJA 22;CORACAO DE JESUS;Belo Horizonte;MG;-19,9458741;-43,9512286;RUA GUIACUI, 660 LOJA 22, CORACAO DE JESUS, Belo Horizonte, MG, Brasil
DROGARIA ARAUJO S.A.;RUA MICHEL JEHA Nº20;SAO BENTO;Belo Horizonte;MG;-19,9539087;-43,9488617;RUA MICHEL JEHA Nº20, SAO BENTO, Belo Horizonte, MG, Brasil
DROGARIA ARAUJO S.A.;RUA NIQUELINA Nº403;SANTA EFIGENIA;Belo Horizonte;MG;-19,9228011;-43,916392;RUA NIQUELINA Nº403, SANTA EFIGENIA, Belo Horizonte, MG, Brasil
DROGARIA ARAUJO S.A.;RUA PADRE EUSTAQUIO, Nº2.208;PADRE EUSTAQUIO;Belo Horizonte;MG;-19,9143045;-43,979356;RUA PADRE EUSTAQUIO, Nº2.208, PADRE EUSTAQUIO, Belo Horizonte, MG, Brasil
DROGARIA ARAUJO S.A.;RUA PADRE PEDRO PINTO Nº 1660;VENDA NOVA;Belo Horizonte;MG;-19,821125;-43,9528598;RUA PADRE PEDRO PINTO Nº 1660, VENDA NOVA, Belo Horizonte, MG, Brasil
DROGARIA ARAUJO S.A.;RUA PADRE PEDRO PINTO, 824 A;VENDA NOVA;Belo Horizonte;MG;-19,821125;-43,9528598;RUA PADRE PEDRO PINTO, 824 A, VENDA NOVA, Belo Horizonte, MG, Brasil
DROGARIA ARAUJO S.A.;RUA PROFESSOR ESTEVAO PINTO Nº830;SERRA;Belo Horizonte;MG;-19,9440156;-43,9211329;RUA PROFESSOR ESTEVAO PINTO Nº830, SERRA, Belo Horizonte, MG, Brasil
DROGARIA ARAUJO S/A;AVENIDA DOM PEDRO II, Nº 1950;CARLOS PRATES;Belo Horizonte;MG;-19,9129792;-43,9486474;AVENIDA DOM PEDRO II, Nº 1950, CARLOS PRATES, Belo Horizonte, MG, Brasil
DROGARIA ARAUJO S/A;RUA MAQUINº, Nº 48;JARDIM AMERICA;Belo Horizonte;MG;-19,9437517;-43,9779752;RUA MAQUINº, Nº 48, JARDIM AMERICA, Belo Horizonte, MG, Brasil
DROGARIA BARAO LTDA ME;ARARIBA;PEDREIRA PRADO LOPES;Belo Horizonte;MG;-19,9016398;-43,9492444;ARARIBA, PEDREIRA PRADO LOPES, Belo Horizonte, MG, Brasil
DROGARIA BARREIRO LTDA - ME;DESEMBARGADOR RIBEIRO DA LUZ;BARREIRO;Belo Horizonte;MG;-19,9738684;-44,0169993;DESEMBARGADOR RIBEIRO DA LUZ, BARREIRO, Belo Horizonte, MG, Brasil
DROGARIA BELA VITORIA LTDA;DOS BORGES;JARDIM VITORIA;Belo Horizonte;MG;-19,8412697;-43,8775352;DOS BORGES, JARDIM VITORIA, Belo Horizonte, MG, Brasil
DROGARIA BETEL LTDA - ME;MARIA DA PAZ MAIA;JARDIM DOS COMERCIARIOS (VENDA NOVA);Belo Horizonte;MG;-19,7880572;-43,976243;MARIA DA PAZ MAIA, JARDIM DOS COMERCIARIOS (VENDA NOVA), Belo Horizonte, MG, Brasil
DROGARIA CACHOEIRINHA LTDA - EPP;DESCALVADO;RENASCENCA;Belo Horizonte;MG;-19,888174;-43,9428593;DESCALVADO, RENASCENCA, Belo Horizonte, MG, Brasil
DROGARIA CAIXETA NOGUEIRA LTDA;FLOR D'AGUA;JARDIM ALVORADA;Belo Horizonte;MG;-19,8932796;-43,9897025;FLOR D'AGUA, JARDIM ALVORADA, Belo Horizonte, MG, Brasil
DROGARIA CAMAGA LTDA;ESTANCIA;NOVA VISTA;Belo Horizonte;MG;-19,8867824;-43,8966672;ESTANCIA, NOVA VISTA, Belo Horizonte, MG, Brasil
DROGARIA CAMPOS E SIMOES LTDA;AUGUSTO DOS ANJOS;RIO BRANCO;Belo Horizonte;MG;-19,8182833;-43,9854839;AUGUSTO DOS ANJOS, RIO BRANCO, Belo Horizonte, MG, Brasil
DROGARIA CAMPOS SALES LTDA - ME;CAMPOS SALES;NOVA SUISSA;Belo Horizonte;MG;-19,9274167;-43,9771468;CAMPOS SALES, NOVA SUISSA, Belo Horizonte, MG, Brasil
DROGARIA CANDI & CUNHA LTDA ME;DAVID FONSECA;MILIONARIOS (BARREIRO);Belo Horizonte;MG;-19,9805056;-44,0018307;DAVID FONSECA, MILIONARIOS (BARREIRO), Belo Horizonte, MG, Brasil
DROGARIA CAPITAL EIRELI - EPP;PRUDENTE DE MORAIS;CIDADE JARDIM;Belo Horizonte;MG;-19,937306;-43,9472329;PRUDENTE DE MORAIS, CIDADE JARDIM, Belo Horizonte, MG, Brasil
DROGARIA CARLOS LUZ LTDA;PADRE EUSTAQUIO;CARLOS PRATES;Belo Horizonte;MG;-19,9134595;-43,9672722;PADRE EUSTAQUIO, CARLOS PRATES, Belo Horizonte, MG, Brasil
DROGARIA CATIZANI LTDA - ME;RUA PAULO ALVES DA SILVA 539 Loja;MANTIQUEIRA;Belo Horizonte;MG;-19,7928705;-43,9833316;RUA PAULO ALVES DA SILVA 539 Loja, MANTIQUEIRA, Belo Horizonte, MG, Brasil
DROGARIA COLIBRI LTDA ME;VINTE E OITO DE SETEMBRO;ESPLANADA;Belo Horizonte;MG;-19,9054992;-43,9042678;VINTE E OITO DE SETEMBRO, ESPLANADA, Belo Horizonte, MG, Brasil
DROGARIA CONECT LTDA - ME;DO CONTORNO;FLORESTA;Belo Horizonte;MG;-19,9134329;-43,9295357;DO CONTORNO, FLORESTA, Belo Horizonte, MG, Brasil
DROGARIA COOPFARMA LTDA - ME;PROFESSORA GABRIELA VARELA;FLORAMAR;Belo Horizonte;MG;-19,8288016;-43,9322124;PROFESSORA GABRIELA VARELA, FLORAMAR, Belo Horizonte, MG, Brasil
DROGARIA CORDEIRO LTDA;GABRIELA VARELO;FLORAMAR;Belo Horizonte;MG;-19,8371027;-43,9348625;GABRIELA VARELO, FLORAMAR, Belo Horizonte, MG, Brasil
DROGARIA CRUZ LTDA-ME;LUPERCIO PAIXAO;TIROL (BARREIRO);Belo Horizonte;MG;-19,9951468;-44,0451401;LUPERCIO PAIXAO, TIROL (BARREIRO), Belo Horizonte, MG, Brasil
DROGARIA DA PAZ LTDA;FLOR-DE-SEDA;LINDEIA (BARREIRO);Belo Horizonte;MG;-19,9812291;-44,0441997;FLOR-DE-SEDA, LINDEIA (BARREIRO), Belo Horizonte, MG, Brasil
DROGARIA DAL-COL & CUNHA LTDA - ME;SENADOR LEVINDO COELHO;PETROPOLIS (BARREIRO);Belo Horizonte;MG;-20,0115152;-44,033157;SENADOR LEVINDO COELHO, PETROPOLIS (BARREIRO), Belo Horizonte, MG, Brasil
DROGARIA DARLENE LTDA;PERIMETRAL;VILA FORMOSA VALE DO JATOBA (BARREIRO);Belo Horizonte;MG;;;PERIMETRAL, VILA FORMOSA VALE DO JATOBA (BARREIRO), Belo Horizonte, MG, Brasil
DROGARIA DAS AMERICAS LTDA;MARIA;SANTA MARIA;Belo Horizonte;MG;-19,9352156;-44,0129035;MARIA, SANTA MARIA, Belo Horizonte, MG, Brasil
DROGARIA DECAM LTDA;DOS GUAJAJARAS;BOA VIAGEM;Belo Horizonte;MG;-19,9264648;-43,9353538;DOS GUAJAJARAS, BOA VIAGEM, Belo Horizonte, MG, Brasil
DROGARIA DECAM LTDA;GAVEA;JARDIM AMERICA;Belo Horizonte;MG;-19,9388489;-43,9752421;GAVEA, JARDIM AMERICA, Belo Horizonte, MG, Brasil
DROGARIA DETA LTDA;RUA DOM OSCAR ROMERO, 100 - LJ A;NOVA GAMELEIRA;Belo Horizonte;MG;-19,9377419;-43,9910858;RUA DOM OSCAR ROMERO, 100 - LJ A, NOVA GAMELEIRA, Belo Horizonte, MG, Brasil
DROGARIA DJALMA LTDA ME;EXPEDICIONARIO JOSE SILVA;MARIA GORETTI;Belo Horizonte;MG;-19,8633254;-43,9080103;EXPEDICIONARIO JOSE SILVA, MARIA GORETTI, Belo Horizonte, MG, Brasil
DROGARIA DO GERSON LTDA;BARAO DO MONTE ALTO;CARDOSO (BARREIRO);Belo Horizonte;MG;-20,0026357;-44,0073804;BARAO DO MONTE ALTO, CARDOSO (BARREIRO), Belo Horizonte, MG, Brasil
DROGARIA DO LEO LTDA;PADRE TIAGO DE ALMEIDA;CAMARGOS;Belo Horizonte;MG;-19,9390626;-44,0233368;PADRE TIAGO DE ALMEIDA, CAMARGOS, Belo Horizonte, MG, Brasil
DROGARIA DO MARCIANO LTDA - ME;DESEMBARGADOR BRAULIO;VERA CRUZ;Belo Horizonte;MG;-19,9046261;-43,8915653;DESEMBARGADOR BRAULIO, VERA CRUZ, Belo Horizonte, MG, Brasil
DROGARIA DOLCE VITA LTDA;VICENTE RISOLA;SANTA INES;Belo Horizonte;MG;-19,8899984;-43,9086241;VICENTE RISOLA, SANTA INES, Belo Horizonte, MG, Brasil
DROGARIA DROGATON LTDA. - ME;DO SERTAO;VALE DO JATOBA (BARREIRO);Belo Horizonte;MG;-20,0071507;-44,0384688;DO SERTAO, VALE DO JATOBA (BARREIRO), Belo Horizonte, MG, Brasil
DROGARIA E FARMACIA LOGOS LTDA;PITOMBA;ARAGUAIA;Belo Horizonte;MG;-19,9851063;-43,9971099;PITOMBA, ARAGUAIA, Belo Horizonte, MG, Brasil
DROGARIA E PERFUMARIA AGUAS COELHO LTDA;JACUI;FLORESTA;Belo Horizonte;MG;-19,9075074;-43,9322657;JACUI, FLORESTA, Belo Horizonte, MG, Brasil
DROGARIA E PERFUMARIA ALVES E ALMEIDA LTDA;NOGUEIRA DA GAMA;ALTO DOS PINHEIROS;Belo Horizonte;MG;-19,9285419;-44,0035762;NOGUEIRA DA GAMA, ALTO DOS PINHEIROS, Belo Horizonte, MG, Brasil
DROGARIA E PERFUMARIA ANGELO LTDA;ANTONIO EUSTAQUIO PIAZZA;TIROL (BARREIRO);Belo Horizonte;MG;-19,9909094;-44,0452389;ANTONIO EUSTAQUIO PIAZZA, TIROL (BARREIRO), Belo Horizonte, MG, Brasil
DROGARIA E PERFUMARIA APOCALIPCE LTDA - EPP;SINFRONIO BROCHADO;BARREIRO;Belo Horizonte;MG;-19,9754012;-44,0134937;SINFRONIO BROCHADO, BARREIRO, Belo Horizonte, MG, Brasil
DROGARIA E PERFUMARIA Barão HOMEM MELO LTDA;BARAO HOMEM DE MELO;JARDIM AMERICA;Belo Horizonte;MG;-19,9401614;-43,972329;BARAO HOMEM DE MELO, JARDIM AMERICA, Belo Horizonte, MG, Brasil
DROGARIA E PERFUMARIA BRENDA LTDA-ME;PADRE PEDRO PINTO;VENDA NOVA;Belo Horizonte;MG;-19,8031725;-43,9983266;PADRE PEDRO PINTO, VENDA NOVA, Belo Horizonte, MG, Brasil
DROGARIA E PERFUMARIA CONFISCO LTDA;ARACY GUIMARAES ROSA;CONFISCO;Belo Horizonte;MG;-19,8658209;-44,0197184;ARACY GUIMARAES ROSA, CONFISCO, Belo Horizonte, MG, Brasil
DROGARIA E PERFUMARIA DANIELA LTDA ME;JOAQUIM CLEMENTE;FLORAMAR;Belo Horizonte;MG;-19,8396478;-43,9332774;JOAQUIM CLEMENTE, FLORAMAR, Belo Horizonte, MG, Brasil
DROGARIA E PERFUMARIA EL SHADAY LTDA - ME;RIO NEGRO;PRADO;Belo Horizonte;MG;-19,9295217;-43,9659775;RIO NEGRO, PRADO, Belo Horizonte, MG, Brasil
DROGARIA E PERFUMARIA ERMELINDO & DIAS LTDA;VICOSA;SAO PEDRO;Belo Horizonte;MG;-19,9454938;-43,9389531;VICOSA, SAO PEDRO, Belo Horizonte, MG, Brasil
DROGARIA E PERFUMARIA GILEADE LTDA -ME;EUCLASIO;SANTA EFIGENIA;Belo Horizonte;MG;-19,9255872;-43,9106579;EUCLASIO, SANTA EFIGENIA, Belo Horizonte, MG, Brasil
DROGARIA E PERFUMARIA GODINHO LTDA ME;LUIZ CASTANHEDE;SANTA CRUZ;Belo Horizonte;MG;-19,8766258;-43,9357162;LUIZ CASTANHEDE, SANTA CRUZ, Belo Horizonte, MG, Brasil
DROGARIA E PERFUMARIA GOMES E DUARTE LTDA - ME;EDUARDO CARLOS;ARAGUAIA;Belo Horizonte;MG;-19,9902015;-44,0008435;EDUARDO CARLOS, ARAGUAIA, Belo Horizonte, MG, Brasil
DROGARIA E PERFUMARIA GUARARAPES LTDA - ME;RUA GUARARAPES 274;GLORIA;Belo Horizonte;MG;-19,9045284;-44,0125371;RUA GUARARAPES 274, GLORIA, Belo Horizonte, MG, Brasil
DROGARIA E PERFUMARIA GUSMAO LTDA - ME;DAS GABIROBAS;VILA CLORIS;Belo Horizonte;MG;-19,8187963;-43,9472067;DAS GABIROBAS, VILA CLORIS, Belo Horizonte, MG, Brasil
DROGARIA E PERFUMARIA J & C LTDA;LEONTINO FRANCISCO ALVES, Nº 185, LOJA: 02;SERRA VERDE;Belo Horizonte;MG;-19,7927477;-43,9561941;LEONTINO FRANCISCO ALVES, Nº 185, LOJA: 02, SERRA VERDE, Belo Horizonte, MG, Brasil
DROGARIA E PERFUMARIA JESSICA LTDA;BERNARDA SILVESTRE;RIO BRANCO;Belo Horizonte;MG;-19,8159736;-43,982888;BERNARDA SILVESTRE, RIO BRANCO, Belo Horizonte, MG, Brasil
DROGARIA E PERFUMARIA JMR LTDA;SAO ROMULO;PAULO VI;Belo Horizonte;MG;-19,8356142;-43,8865091;SAO ROMULO, PAULO VI, Belo Horizonte, MG, Brasil
DROGARIA E PERFUMARIA L&F LTDA - ME;JACUI;RENASCENCA;Belo Horizonte;MG;-19,8861513;-43,9358763;JACUI, RENASCENCA, Belo Horizonte, MG, Brasil
DROGARIA E PERFUMARIA LISBOA LTDA;JOSE BRANDAO;BARREIRO;Belo Horizonte;MG;-19,9750887;-44,0141022;JOSE BRANDAO, BARREIRO, Belo Horizonte, MG, Brasil
DROGARIA E PERFUMARIA LORRAINE LTDA;RUA PONTA GROSSA Nº35;MILIONÁRIOS;Belo Horizonte;MG;-19,9829884;-43,9987508;RUA PONTA GROSSA Nº35, MILIONÁRIOS, Belo Horizonte, MG, Brasil
DROGARIA E PERFUMARIA LUZ DO CÉU LTDA ME;AUGUSTO DOS ANJOS;RIO BRANCO;Belo Horizonte;MG;-19,8182833;-43,9854839;AUGUSTO DOS ANJOS, RIO BRANCO, Belo Horizonte, MG, Brasil
DROGARIA E PERFUMARIA MARIA FERNANDES LTDA;JUDA;GLORIA;Belo Horizonte;MG;-19,898082;-44,0110814;JUDA, GLORIA, Belo Horizonte, MG, Brasil
DROGARIA E PERFUMARIA MAXI TUPI LTDA;FURQUIM WERNECK;TUPI A;Belo Horizonte;MG;-19,8344575;-43,9203142;FURQUIM WERNECK, TUPI A, Belo Horizonte, MG, Brasil
DROGARIA E PERFUMARIA NASCIMENTO E CUNHA LTDA - ME;ANDRADA E SILVA;JARDIM LEBLON;Belo Horizonte;MG;-19,8253258;-43,9863816;ANDRADA E SILVA, JARDIM LEBLON, Belo Horizonte, MG, Brasil
DROGARIA E PERFUMARIA NIQUELINA LTDA - EPP;RUA NIQUELINA, 1472, LOJA 11;SANTA EFIGENIA;Belo Horizonte;MG;-19,9237686;-43,9212458;RUA NIQUELINA, 1472, LOJA 11, SANTA EFIGENIA, Belo Horizonte, MG, Brasil
DROGARIA E PERFUMARIA RABELO ALVES LTDA;GENERAL CLARK;SAO SALVADOR;Belo Horizonte;MG;-19,8913009;-44,0145103;GENERAL CLARK, SAO SALVADOR, Belo Horizonte, MG, Brasil
DROGARIA E PERFUMARIA RAIO DE LUZ LTDA - ME;AVAI;DOM BOSCO;Belo Horizonte;MG;-19,9156666;-44,0041302;AVAI, DOM BOSCO, Belo Horizonte, MG, Brasil
DROGARIA E PERFUMARIA REGINA LTDA - ME;MANJERICAO;LINDEIA (BARREIRO);Belo Horizonte;MG;-19,9740489;-44,0456259;MANJERICAO, LINDEIA (BARREIRO), Belo Horizonte, MG, Brasil
DROGARIA E PERFUMARIA RENASCENCA LTDA ME;AIURUOCA;SAO PAULO;Belo Horizonte;MG;-19,8705319;-43,9225577;AIURUOCA, SAO PAULO, Belo Horizonte, MG, Brasil
DROGARIA E PERFUMARIA SAO GABRIEL LTDA;ILHA DE MALTA;SAO GABRIEL;Belo Horizonte;MG;-19,8569665;-43,9137226;ILHA DE MALTA, SAO GABRIEL, Belo Horizonte, MG, Brasil
DROGARIA E PERFUMARIA SEARA LTDA EPP;DOS TUPIS;CENTRO;Belo Horizonte;MG;-19,9199673;-43,9457542;DOS TUPIS, CENTRO, Belo Horizonte, MG, Brasil
DROGARIA E PERFUMARIA TORRES LTDA-ME;OSORIO DUQUE ESTRADA;CAMPO ALEGRE;Belo Horizonte;MG;-19,8289187;-43,9449163;OSORIO DUQUE ESTRADA, CAMPO ALEGRE, Belo Horizonte, MG, Brasil
DROGARIA E PERFUMARIA TRINDADE LTDA - ME;CENTRAL;JARDIM LEBLON;Belo Horizonte;MG;-19,8251442;-43,9880652;CENTRAL, JARDIM LEBLON, Belo Horizonte, MG, Brasil
DROGARIA E PERFUMARIA W&R LTDA;CENTRAL;JARDIM LEBLON;Belo Horizonte;MG;-19,8251442;-43,9880652;CENTRAL, JARDIM LEBLON, Belo Horizonte, MG, Brasil
DROGARIA EBENEZER LTDA;rua ANGOLA, 254;SAO PAULO;Belo Horizonte;MG;-19,8674514;-43,9260979;rua ANGOLA, 254, SAO PAULO, Belo Horizonte, MG, Brasil
DROGARIA ELENIZIA LTDA ME;LUIZ PONGELUPE;CARDOSO (BARREIRO);Belo Horizonte;MG;-20,00629;-44,0100157;LUIZ PONGELUPE, CARDOSO (BARREIRO), Belo Horizonte, MG, Brasil
DROGARIA ELIZIO DE BRITO LTDA - ME;R MARIA CONCEICAO BONFIM 1463 LOJA;GOIANIA;Belo Horizonte;MG;-19,8657011;-43,9000893;R MARIA CONCEICAO BONFIM 1463 LOJA, GOIANIA, Belo Horizonte, MG, Brasil
DROGARIA ELLER LTDA ME;MARIA APARECIDA;SAO MARCOS;Belo Horizonte;MG;-19,8706828;-43,9114992;MARIA APARECIDA, SAO MARCOS, Belo Horizonte, MG, Brasil
DROGARIA ESTANCIA DOS INGLESES LTDA;RUA ITALIA ELMO, 10, LOJA 02;BETANIA;Belo Horizonte;MG;-19,9586109;-43,9922251;RUA ITALIA ELMO, 10, LOJA 02, BETANIA, Belo Horizonte, MG, Brasil
DROGARIA FABIANA LTDA;URSULA PAULINO;BETANIA;Belo Horizonte;MG;-19,9597776;-43,9893759;URSULA PAULINO, BETANIA, Belo Horizonte, MG, Brasil
DROGARIA FALCONIERE LTDA;SARAMENHA;GUARANI;Belo Horizonte;MG;-19,8449996;-43,9164787;SARAMENHA, GUARANI, Belo Horizonte, MG, Brasil
DROGARIA FARMA ELER LTDA;EXPEDICIONARIO JOSE ZEFERINO;MARIA GORETTI;Belo Horizonte;MG;-19,8600501;-43,9097778;EXPEDICIONARIO JOSE ZEFERINO, MARIA GORETTI, Belo Horizonte, MG, Brasil
DROGARIA FERNANDES & CORDEIRO LTDA - ME;PROFESSOR LUIZ BICALHO;BRASIL INDUSTRIAL (BARREIRO);Belo Horizonte;MG;-19,99849;-44,01446;PROFESSOR LUIZ BICALHO, BRASIL INDUSTRIAL (BARREIRO), Belo Horizonte, MG, Brasil
DROGARIA FERREIRA TELLES LTDA - ME;CONEGO SANTANA;SANTA CRUZ;Belo Horizonte;MG;-19,8842107;-43,9451489;CONEGO SANTANA, SANTA CRUZ, Belo Horizonte, MG, Brasil
DROGARIA FLAMBOYANT LTDA;DOMINGOS FERNANDES;UNIAO;Belo Horizonte;MG;-19,8833178;-43,9219184;DOMINGOS FERNANDES, UNIAO, Belo Horizonte, MG, Brasil
DROGARIA FLEX FARMA BH LTDA;EXPEDICIONARIO PAULO DE SOUZA;URCA;Belo Horizonte;MG;-19,8709219;-44,0145578;EXPEDICIONARIO PAULO DE SOUZA, URCA, Belo Horizonte, MG, Brasil
DROGARIA FRANCISCANA LTDA;PADRE PEDRO PINTO;VENDA NOVA;Belo Horizonte;MG;-19,8031725;-43,9983266;PADRE PEDRO PINTO, VENDA NOVA, Belo Horizonte, MG, Brasil
DROGARIA GÁVEA LTDA;RUA JUNQUILHOS Nº1234;NOVA SUISSA;Belo Horizonte;MG;-19,9377337;-43,9740471;RUA JUNQUILHOS Nº1234, NOVA SUISSA, Belo Horizonte, MG, Brasil
DROGARIA GRANFAR LTDA - ME;LUPERCIO PAIXAO;TIROL (BARREIRO);Belo Horizonte;MG;-19,9951468;-44,0451401;LUPERCIO PAIXAO, TIROL (BARREIRO), Belo Horizonte, MG, Brasil
DROGARIA GRAUNA LTDA;GRAUNAS;FLAVIO MARQUES LISBOA (BARREIRO);Belo Horizonte;MG;-19,9964115;-43,99384;GRAUNAS, FLAVIO MARQUES LISBOA (BARREIRO), Belo Horizonte, MG, Brasil
DROGARIA GURGUEL LTDA;PERIMETRAL;VILA FORMOSA VALE DO JATOBA (BARREIRO);Belo Horizonte;MG;;;PERIMETRAL, VILA FORMOSA VALE DO JATOBA (BARREIRO), Belo Horizonte, MG, Brasil
DROGARIA HUMAITA LTDA;RUA TAVARES DE MELO 73;CACHOEIRINHA;Belo Horizonte;MG;-19,8806385;-43,9487331;RUA TAVARES DE MELO 73, CACHOEIRINHA, Belo Horizonte, MG, Brasil
DROGARIA INDIANA LTDA;INDIANA;JARDIM AMERICA;Belo Horizonte;MG;-19,946382;-43,9713531;INDIANA, JARDIM AMERICA, Belo Horizonte, MG, Brasil
DROGARIA IRMAOS DUARTE LTDA;MARIA GERTRUDES SANTOS;CEU AZUL;Belo Horizonte;MG;-19,8156566;-44,0020617;MARIA GERTRUDES SANTOS, CEU AZUL, Belo Horizonte, MG, Brasil
DROGARIA IRMAOS SALVADOR LTDA - ME;CONCEICAO DO CANINDE;SAO GABRIEL;Belo Horizonte;MG;-19,8528586;-43,9088417;CONCEICAO DO CANINDE, SAO GABRIEL, Belo Horizonte, MG, Brasil
DROGARIA JARDIM AMERICA LTDA;LINDOLFO DE AZEVEDO;JARDIM AMERICA;Belo Horizonte;MG;-19,9517213;-43,9693972;LINDOLFO DE AZEVEDO, JARDIM AMERICA, Belo Horizonte, MG, Brasil
DROGARIA JHONATA LTDA - ME;MEM DE SA;SANTA EFIGENIA;Belo Horizonte;MG;-19,9240922;-43,9088432;MEM DE SA, SANTA EFIGENIA, Belo Horizonte, MG, Brasil
DROGARIA JONAS VEIGA LTDA;SENHOR SIMEONE;JONAS VEIGA;Belo Horizonte;MG;-19,9179274;-43,892135;SENHOR SIMEONE, JONAS VEIGA, Belo Horizonte, MG, Brasil
DROGARIA JULIANA LTDA ME;ANTONIO EUSTAQUIO PIAZZA;TIROL (BARREIRO);Belo Horizonte;MG;-19,9909094;-44,0452389;ANTONIO EUSTAQUIO PIAZZA, TIROL (BARREIRO), Belo Horizonte, MG, Brasil
DROGARIA KIT LTDA - ME;WALDOMIRO LOBO;GUARANI;Belo Horizonte;MG;-19,8458758;-43,9297969;WALDOMIRO LOBO, GUARANI, Belo Horizonte, MG, Brasil
DROGARIA KITTY LTDA;AMERICO MARTINS DA COSTA;PROVIDENCIA;Belo Horizonte;MG;-19,8561573;-43,926231;AMERICO MARTINS DA COSTA, PROVIDENCIA, Belo Horizonte, MG, Brasil
DROGARIA LARA DOMINGOS LTDA - ME;DAS PERPETUAS;LINDEIA (BARREIRO);Belo Horizonte;MG;-19,9786436;-44,0485452;DAS PERPETUAS, LINDEIA (BARREIRO), Belo Horizonte, MG, Brasil
DROGARIA LARI LTDA - ME;SILVIANO BRANDAO;HORTO;Belo Horizonte;MG;-19,9084249;-43,9136665;SILVIANO BRANDAO, HORTO, Belo Horizonte, MG, Brasil
DROGARIA LEAL LTDA;ABILIO MACHADO;ALIPIO DE MELO;Belo Horizonte;MG;-19,8941691;-44,0086939;ABILIO MACHADO, ALIPIO DE MELO, Belo Horizonte, MG, Brasil
DROGARIA LEAL LTDA;PARA DE MINAS;PADRE EUSTAQUIO;Belo Horizonte;MG;-19,9142953;-43,9886957;PARA DE MINAS, PADRE EUSTAQUIO, Belo Horizonte, MG, Brasil
DROGARIA LEMOS LTDA;CIBIPURUNA;MONTE AZUL;Belo Horizonte;MG;-19,8156574;-43,8927624;CIBIPURUNA, MONTE AZUL, Belo Horizonte, MG, Brasil
DROGARIA LEONARDO LTDA;JAGUARI;BONFIM;Belo Horizonte;MG;-19,9084529;-43,9557278;JAGUARI, BONFIM, Belo Horizonte, MG, Brasil
DROGARIA LG FARMA LTDA;DAVID FONSECA;MILIONARIOS (BARREIRO);Belo Horizonte;MG;-19,9805056;-44,0018307;DAVID FONSECA, MILIONARIOS (BARREIRO), Belo Horizonte, MG, Brasil
DROGARIA LIBANIO LTDA ME;CONDE SANTA MARINHA;CACHOEIRINHA;Belo Horizonte;MG;-19,8924674;-43,9456952;CONDE SANTA MARINHA, CACHOEIRINHA, Belo Horizonte, MG, Brasil
DROGARIA LIBERDADE LTDA;IZABEL BUENO;JARAGUA;Belo Horizonte;MG;-19,8585215;-43,9502546;IZABEL BUENO, JARAGUA, Belo Horizonte, MG, Brasil
DROGARIA LIFE LTDA;SENADOR LEVINDO COELHO;SANTA CECILIA VALE DO JATOBA (BARREIRO);Belo Horizonte;MG;-20,0029578;-44,0355291;SENADOR LEVINDO COELHO, SANTA CECILIA VALE DO JATOBA (BARREIRO), Belo Horizonte, MG, Brasil
DROGARIA LIMA LTDA;LUIZ PONGELUPE;CARDOSO (BARREIRO);Belo Horizonte;MG;-20,00629;-44,0100157;LUIZ PONGELUPE, CARDOSO (BARREIRO), Belo Horizonte, MG, Brasil
DROGARIA LLR LTDA ME;DOUTOR ALVARO CAMARGOS;SANTA MONICA;Belo Horizonte;MG;-19,8271418;-43,9681457;DOUTOR ALVARO CAMARGOS, SANTA MONICA, Belo Horizonte, MG, Brasil
DROGARIA MARIANO LTDA ME;SEBASTIAO DE BRITO;DONA CLARA;Belo Horizonte;MG;-19,8615748;-43,9421434;SEBASTIAO DE BRITO, DONA CLARA, Belo Horizonte, MG, Brasil
DROGARIA MARILIA DE DIRCEU LTDA;MARIANA;BONFIM;Belo Horizonte;MG;-19,9110463;-43,9506932;MARIANA, BONFIM, Belo Horizonte, MG, Brasil
DROGARIA MAXI SANTA TEREZINHA LTDA - EPP;SANTA TEREZINHA;SANTA TEREZINHA;Belo Horizonte;MG;-19,8667559;-44,0013188;SANTA TEREZINHA, SANTA TEREZINHA, Belo Horizonte, MG, Brasil
DROGARIA METROPOLE LTDA;MG-5;IPE;Belo Horizonte;MG;-19,8640039;-43,9045924;MG-5, IPE, Belo Horizonte, MG, Brasil
DROGARIA MIXFARMA LTDA - ME;URSULA PAULINO;CINQUENTENARIO;Belo Horizonte;MG;-19,9545101;-43,983773;URSULA PAULINO, CINQUENTENARIO, Belo Horizonte, MG, Brasil
DROGARIA NOSSA FARMACIA LTDA -ME;ROMUALDO LOPES CANCADO;CASTELO;Belo Horizonte;MG;-19,8881972;-43,996875;ROMUALDO LOPES CANCADO, CASTELO, Belo Horizonte, MG, Brasil
DROGARIA NOSSA SENHORA DA PAZ LTDA;OLINTO MEIRELES;MILIONARIOS (BARREIRO);Belo Horizonte;MG;-19,9863837;-44,0090264;OLINTO MEIRELES, MILIONARIOS (BARREIRO), Belo Horizonte, MG, Brasil
DROGARIA NOVA APARECIDA LTDA;AMERICO VESPUCIO;NOVA CACHOEIRINHA;Belo Horizonte;MG;-19,886862;-43,9527577;AMERICO VESPUCIO, NOVA CACHOEIRINHA, Belo Horizonte, MG, Brasil
DROGARIA NOVA APARECIDA LTDA;LEOPOLDINO DE OLIVEIRA;APARECIDA;Belo Horizonte;MG;-19,897581;-43,9573627;LEOPOLDINO DE OLIVEIRA, APARECIDA, Belo Horizonte, MG, Brasil
DROGARIA NOVA POPULAR DO BRASIL LTDA - ME;PENIDO;PIRAJA;Belo Horizonte;MG;-19,8666951;-43,9197129;PENIDO, PIRAJA, Belo Horizonte, MG, Brasil
DROGARIA NOVA SUISSA LTDA;DESEMBARGADOR BARCELOS;NOVA SUISSA;Belo Horizonte;MG;-19,9336652;-43,9790896;DESEMBARGADOR BARCELOS, NOVA SUISSA, Belo Horizonte, MG, Brasil
DROGARIA NOVA YORK LTDA ME;CONSUELO;JARDIM DOS COMERCIARIOS (VENDA NOVA);Belo Horizonte;MG;-19,7897345;-43,9706893;CONSUELO, JARDIM DOS COMERCIARIOS (VENDA NOVA), Belo Horizonte, MG, Brasil
DROGARIA PAQUETA LTDA;POVOA DE VARZIM;PAQUETA;Belo Horizonte;MG;-19,8700667;-43,9934981;POVOA DE VARZIM, PAQUETA, Belo Horizonte, MG, Brasil
DROGARIA PARAOPEBA LTDA;CAPIM BRANCO;VISTA ALEGRE;Belo Horizonte;MG;-19,9547924;-43,9976058;CAPIM BRANCO, VISTA ALEGRE, Belo Horizonte, MG, Brasil
DROGARIA PAULINO LTDA;CURITIBA;CENTRO;Belo Horizonte;MG;-19,9202568;-43,9417036;CURITIBA, CENTRO, Belo Horizonte, MG, Brasil
DROGARIA PEDRO IV LTDA;IMPERIAL;SERRANO;Belo Horizonte;MG;-19,8906903;-44,0110114;IMPERIAL, SERRANO, Belo Horizonte, MG, Brasil
DROGARIA PERFUMARIA C & L LTDA;JULITA NOGUEIRA SOARES;SANTA TEREZINHA;Belo Horizonte;MG;-19,8707202;-44,0083552;JULITA NOGUEIRA SOARES, SANTA TEREZINHA, Belo Horizonte, MG, Brasil
DROGARIA PIONEIRA LTDA ME;COSTA DO MARFIM;HAVAI;Belo Horizonte;MG;-19,9649779;-43,9701258;COSTA DO MARFIM, HAVAI, Belo Horizonte, MG, Brasil
DROGARIA POMPEIA LTDA;AMAZONITA;POMPEIA;Belo Horizonte;MG;-19,9121894;-43,9035359;AMAZONITA, POMPEIA, Belo Horizonte, MG, Brasil
DROGARIA PRIMUS LTDA-ME;CONCEIÇÃO DO MATO DENTRO, Nº420;OURO PRETO;Belo Horizonte;MG;-19,8722536;-43,9829877;CONCEIÇÃO DO MATO DENTRO, Nº420, OURO PRETO, Belo Horizonte, MG, Brasil
DROGARIA PROCOPIO LTDA;RESSACA;CORACAO EUCARISTICO;Belo Horizonte;MG;-19,9198376;-43,9871769;RESSACA, CORACAO EUCARISTICO, Belo Horizonte, MG, Brasil
DROGARIA PROGRESSO LTDA-ME;DOM PEDRO II;MONSENHOR MESSIAS;Belo Horizonte;MG;-19,9125729;-43,975191;DOM PEDRO II, MONSENHOR MESSIAS, Belo Horizonte, MG, Brasil
DROGARIA RAFAELA LTDA;ARGEMIRO RODRIGUES DA SILVA;APARECIDA SETIMA SECAO;Belo Horizonte;MG;-19,8889259;-43,9627169;ARGEMIRO RODRIGUES DA SILVA, APARECIDA SETIMA SECAO, Belo Horizonte, MG, Brasil
DROGARIA SAGRADA FACE LTDA-ME;BARAO DO MONTE ALTO;CARDOSO (BARREIRO);Belo Horizonte;MG;-20,0026357;-44,0073804;BARAO DO MONTE ALTO, CARDOSO (BARREIRO), Belo Horizonte, MG, Brasil
DROGARIA SALES PAIVA LTDA;GENTIL PORTUGAL DO BRASIL;CAMARGOS;Belo Horizonte;MG;-19,933796;-44,0210017;GENTIL PORTUGAL DO BRASIL, CAMARGOS, Belo Horizonte, MG, Brasil
DROGARIA SALMAR LTDA ME;RUA DAS CLARINETAS, 195, LOJA;CALIFORNIA;Belo Horizonte;MG;-19,9247382;-44,0121101;RUA DAS CLARINETAS, 195, LOJA, CALIFORNIA, Belo Horizonte, MG, Brasil
DROGARIA SANA LTDA;MIGUEL PERRELA 440 LOJAS 05 E 06;CASTELO;Belo Horizonte;MG;-19,8793017;-43,9995988;MIGUEL PERRELA 440 LOJAS 05 E 06, CASTELO, Belo Horizonte, MG, Brasil
DROGARIA SANTO ANDRE LTDA;MENDES DE OLIVEIRA;SANTO ANDRE;Belo Horizonte;MG;-19,9017729;-43,9521808;MENDES DE OLIVEIRA, SANTO ANDRE, Belo Horizonte, MG, Brasil
DROGARIA SAO FELIX LTDA;rua PROFESSORA GABRIELA VARELA, 1110;JARDIM GUANABARA;Belo Horizonte;MG;-19,8288016;-43,9322124;rua PROFESSORA GABRIELA VARELA, 1110, JARDIM GUANABARA, Belo Horizonte, MG, Brasil
DROGARIA SAO GERALDO JACUI LTDA;JACUI;FLORESTA;Belo Horizonte;MG;-19,9075074;-43,9322657;JACUI, FLORESTA, Belo Horizonte, MG, Brasil
DROGARIA SAO LEOPOLDO LTDA - ME;ANTONIO JOSE DOS SANTOS;CEU AZUL;Belo Horizonte;MG;-19,8227499;-44,0039799;ANTONIO JOSE DOS SANTOS, CEU AZUL, Belo Horizonte, MG, Brasil
DROGARIA SAO PEDRO DA ALDEIA LTDA - ME;SAO PEDRO DA ALDEIA;PILAR;Belo Horizonte;MG;-20,0013989;-43,9703305;SAO PEDRO DA ALDEIA, PILAR, Belo Horizonte, MG, Brasil
DROGARIA SERENATA LTDA;SERENATA;SANTANA DO CAFEZAL;Belo Horizonte;MG;-19,9356489;-43,9102774;SERENATA, SANTANA DO CAFEZAL, Belo Horizonte, MG, Brasil
DROGARIA SULEIMA LTDA - ME;PITANGUI;HORTO;Belo Horizonte;MG;-19,9087196;-43,9119385;PITANGUI, HORTO, Belo Horizonte, MG, Brasil
DROGARIA T&C LTDA;FRANCISCO SA;GUTIERREZ;Belo Horizonte;MG;-19,9356623;-43,9595796;FRANCISCO SA, GUTIERREZ, Belo Horizonte, MG, Brasil
DROGARIA TAMOIOS LTDA ME;DOS GUARANIS;CENTRO;Belo Horizonte;MG;-19,9150366;-43,9420377;DOS GUARANIS, CENTRO, Belo Horizonte, MG, Brasil
DROGARIA TLC LTDA;MONTEIRO LOBATO;OURO PRETO;Belo Horizonte;MG;-19,8731907;-43,9854815;MONTEIRO LOBATO, OURO PRETO, Belo Horizonte, MG, Brasil
DROGARIA TRIGUEIRO LTDA;RUA JOAO ALVES TEIXEIRA, Nº 242 - LOJA 1;MANTIQUEIRA;Belo Horizonte;MG;-19,7928705;-43,9833316;RUA JOAO ALVES TEIXEIRA, Nº 242 - LOJA 1, MANTIQUEIRA, Belo Horizonte, MG, Brasil
DROGARIA VALDIR LTDA;JOSUE MARTINS DE SOUZA;LAGOA;Belo Horizonte;MG;-19,8090965;-44,0033378;JOSUE MARTINS DE SOUZA, LAGOA, Belo Horizonte, MG, Brasil
DROGARIA VENDA NOVA LTDA;IRACI JOSE DA SILVA;LAGOA;Belo Horizonte;MG;-19,8077095;-44,0028566;IRACI JOSE DA SILVA, LAGOA, Belo Horizonte, MG, Brasil
DROGARIA VILARINHO LTDA;VILARINHO;VENDA NOVA;Belo Horizonte;MG;-19,8216682;-43,9474439;VILARINHO, VENDA NOVA, Belo Horizonte, MG, Brasil
DROGARIA VITORIA MINAS LTDA;ELISIO DE BRITO;BOA VISTA;Belo Horizonte;MG;-19,8956264;-43,9036927;ELISIO DE BRITO, BOA VISTA, Belo Horizonte, MG, Brasil
DROGARIA YPEFARMA LTDA - ME;ITAPECERICA;LAGOINHA;Belo Horizonte;MG;-19,9107525;-43,9421664;ITAPECERICA, LAGOINHA, Belo Horizonte, MG, Brasil
DROGARIAS E PERFUMARIAS AMERICANAS LTDA - ME;CURITIBA;CENTRO;Belo Horizonte;MG;-19,9202568;-43,9417036;CURITIBA, CENTRO, Belo Horizonte, MG, Brasil
DROGARIAS E PERFUMARIAS AMERICANAS LTDA - ME;DOS GUARANIS;CENTRO;Belo Horizonte;MG;-19,9150366;-43,9420377;DOS GUARANIS, CENTRO, Belo Horizonte, MG, Brasil
DROGARIAS HIPER POPULAR LTDA - ME;ESPIRITO SANTO;CENTRO;Belo Horizonte;MG;-19,9230418;-43,9383385;ESPIRITO SANTO, CENTRO, Belo Horizonte, MG, Brasil
DROGARIAS PACHECO S/A;ABILIO MACHADO;ALIPIO DE MELO;Belo Horizonte;MG;-19,8941691;-44,0086939;ABILIO MACHADO, ALIPIO DE MELO, Belo Horizonte, MG, Brasil
DROGARIAS PACHECO S/A;AV. VISCONDE DE IBITURUNA, Nº 19;BARREIRO;Belo Horizonte;MG;-19,9742456;-44,0161016;AV. VISCONDE DE IBITURUNA, Nº 19, BARREIRO, Belo Horizonte, MG, Brasil
DROGARIAS PACHECO S/A;CORONEL JOSE DIAS BICALHO;SAO JOSE;Belo Horizonte;MG;-19,8603834;-43,9661102;CORONEL JOSE DIAS BICALHO, SAO JOSE, Belo Horizonte, MG, Brasil
DROGARIAS PACHECO S/A;CRISTIANO MACHADO;CIDADE NOVA;Belo Horizonte;MG;-19,8860741;-43,929171;CRISTIANO MACHADO, CIDADE NOVA, Belo Horizonte, MG, Brasil
DROGARIAS PACHECO S/A;DO CONTORNO;PRADO;Belo Horizonte;MG;-19,9264659;-43,958381;DO CONTORNO, PRADO, Belo Horizonte, MG, Brasil
DROGARIAS PACHECO S/A;DO CONTORNO;PRADO;Belo Horizonte;MG;-19,9264659;-43,958381;DO CONTORNO, PRADO, Belo Horizonte, MG, Brasil
DROGARIAS PACHECO S/A;DO OURO;SERRA;Belo Horizonte;MG;-19,9335106;-43,9234402;DO OURO, SERRA, Belo Horizonte, MG, Brasil
DROGARIAS PACHECO S/A;FRANCISCO SA;GUTIERREZ;Belo Horizonte;MG;-19,9356623;-43,9595796;FRANCISCO SA, GUTIERREZ, Belo Horizonte, MG, Brasil
DROGARIAS PACHECO S/A;PADRE JOAO CRISOSTOMO;CORACAO EUCARISTICO;Belo Horizonte;MG;-19,9237052;-43,9874649;PADRE JOAO CRISOSTOMO, CORACAO EUCARISTICO, Belo Horizonte, MG, Brasil
DROGARIAS PACHECO S/A;PADRE PEDRO PINTO;VENDA NOVA;Belo Horizonte;MG;-19,8031725;-43,9983266;PADRE PEDRO PINTO, VENDA NOVA, Belo Horizonte, MG, Brasil
DROGARIAS PACHECO S/A;PADRE PEDRO PINTO;VENDA NOVA;Belo Horizonte;MG;-19,8031725;-43,9983266;PADRE PEDRO PINTO, VENDA NOVA, Belo Horizonte, MG, Brasil
DROGARIAS PACHECO S/A;PARANA;CENTRO;Belo Horizonte;MG;-19,921026;-43,9427154;PARANA, CENTRO, Belo Horizonte, MG, Brasil
DROGARIAS PACHECO S/A;PROFESSOR ALFREDO BALENA;SANTA EFIGENIA;Belo Horizonte;MG;-19,9236944;-43,926446;PROFESSOR ALFREDO BALENA, SANTA EFIGENIA, Belo Horizonte, MG, Brasil
DROGARIAS PACHECO S/A;PROFESSOR ALFREDO BALENA, Nº 125;CENTRO;Belo Horizonte;MG;-19,9269772;-43,9324151;PROFESSOR ALFREDO BALENA, Nº 125, CENTRO, Belo Horizonte, MG, Brasil
DROGARIAS PACHECO S/A;PRUDENTE DE MORAIS;SANTO ANTONIO;Belo Horizonte;MG;-19,9473795;-43,9484358;PRUDENTE DE MORAIS, SANTO ANTONIO, Belo Horizonte, MG, Brasil
DROGARIAS PACHECO S/A;RIO DE JANEIRO;CENTRO;Belo Horizonte;MG;-19,9162884;-43,9378304;RIO DE JANEIRO, CENTRO, Belo Horizonte, MG, Brasil
DROGARIAS PACHECO S/A;RUA DOS OTONI, Nº 862;SANTA EFIGENIA;Belo Horizonte;MG;-19,9260875;-43,9261851;RUA DOS OTONI, Nº 862, SANTA EFIGENIA, Belo Horizonte, MG, Brasil
DROGARIAS PACHECO S/A;RUA DOS TUPIS, Nº 256;CENTRO;Belo Horizonte;MG;-19,9199673;-43,9457542;RUA DOS TUPIS, Nº 256, CENTRO, Belo Horizonte, MG, Brasil
DROGARIAS PACHECO S/A;RUA MATO GROSSO, 417,  LJ05;BARRO PRETO;Belo Horizonte;MG;-19,9237781;-43,9481474;RUA MATO GROSSO, 417,  LJ05, BARRO PRETO, Belo Horizonte, MG, Brasil
DROGARIAS PACHECO S/A;SAO PAULO;CENTRO;Belo Horizonte;MG;-19,9137377;-43,9385142;SAO PAULO, CENTRO, Belo Horizonte, MG, Brasil
DROGARIAS PACHECO S/A;SILVA LOBO;NOVA GRANADA;Belo Horizonte;MG;-19,9362163;-43,9705523;SILVA LOBO, NOVA GRANADA, Belo Horizonte, MG, Brasil
DROGARIAS PACHECO S/A;SINFRONIO BROCHADO;BARREIRO;Belo Horizonte;MG;-19,9754012;-44,0134937;SINFRONIO BROCHADO, BARREIRO, Belo Horizonte, MG, Brasil
DROGARIAS PACHECO S/A;URSULA PAULINO;BETANIA;Belo Horizonte;MG;-19,9597776;-43,9893759;URSULA PAULINO, BETANIA, Belo Horizonte, MG, Brasil
DROGARTE - DROGARIA E PERFUMARIA LTDA - ME;WALDOMIRO LOBO;GUARANI;Belo Horizonte;MG;-19,8458758;-43,9297969;WALDOMIRO LOBO, GUARANI, Belo Horizonte, MG, Brasil
DROGASERRA LTDA - ME;JOAQUIM ABEL COELHO;MANTIQUEIRA;Belo Horizonte;MG;-19,7837407;-43,9823749;JOAQUIM ABEL COELHO, MANTIQUEIRA, Belo Horizonte, MG, Brasil
DROGASIL S.A.;IZABEL BUENO;SANTA ROSA;Belo Horizonte;MG;-19,8684355;-43,9503859;IZABEL BUENO, SANTA ROSA, Belo Horizonte, MG, Brasil
DROGAVALE LTDA ME;DAS PERPETUAS;LINDEIA (BARREIRO);Belo Horizonte;MG;-19,9786436;-44,0485452;DAS PERPETUAS, LINDEIA (BARREIRO), Belo Horizonte, MG, Brasil
DROGAVITA LTDA;FRANCISCO BICALHO;MONSENHOR MESSIAS;Belo Horizonte;MG;-19,9080064;-43,9786315;FRANCISCO BICALHO, MONSENHOR MESSIAS, Belo Horizonte, MG, Brasil
DROGAWILMA LTDA;GALENA;COLEGIO BATISTA;Belo Horizonte;MG;-19,9052555;-43,9396169;GALENA, COLEGIO BATISTA, Belo Horizonte, MG, Brasil
DROGAZILLE LTDA;FLOR D'AGUA;JARDIM ALVORADA;Belo Horizonte;MG;-19,8932796;-43,9897025;FLOR D'AGUA, JARDIM ALVORADA, Belo Horizonte, MG, Brasil
DROMAGUI DROGARIA E PERFUMARIA MAGUI LTDA;VEREADOR CICERO ILDEFONSO;JOAO PINHEIRO;Belo Horizonte;MG;-19,9258261;-43,9974802;VEREADOR CICERO ILDEFONSO, JOAO PINHEIRO, Belo Horizonte, MG, Brasil
DRUGSTORE SARANDI LTDA;OSORIO DUQUE ESTRADA;CAMPO ALEGRE;Belo Horizonte;MG;-19,8289187;-43,9449163;OSORIO DUQUE ESTRADA, CAMPO ALEGRE, Belo Horizonte, MG, Brasil
EMPREENDIMENTOS PAGUE MENOS S/A;ABILIO MACHADO;GLORIA;Belo Horizonte;MG;-19,9084384;-43,9986218;ABILIO MACHADO, GLORIA, Belo Horizonte, MG, Brasil
EMPREENDIMENTOS PAGUE MENOS S/A;DOUTOR CRISTIANO GUIMARAES;PLANALTO;Belo Horizonte;MG;-19,8347168;-43,9557697;DOUTOR CRISTIANO GUIMARAES, PLANALTO, Belo Horizonte, MG, Brasil
EMPREENDIMENTOS PAGUE MENOS S/A;MATERLANDIA;SANTA INES;Belo Horizonte;MG;-19,8831257;-43,9110015;MATERLANDIA, SANTA INES, Belo Horizonte, MG, Brasil
EMPREENDIMENTOS PAGUE MENOS S/A;PADRE ROLIM;SANTA EFIGENIA;Belo Horizonte;MG;-19,9276654;-43,9251428;PADRE ROLIM, SANTA EFIGENIA, Belo Horizonte, MG, Brasil
EMPREENDIMENTOS PAGUE MENOS S/A;RUA PARA DE MINAS, 270;PADRE EUSTAQUIO;Belo Horizonte;MG;-19,9145408;-43,9862838;RUA PARA DE MINAS, 270, PADRE EUSTAQUIO, Belo Horizonte, MG, Brasil
EXPERT DROGARIA E PERFUMARIA LTDA;ALVARES MACIEL;SANTA EFIGENIA;Belo Horizonte;MG;-19,9233362;-43,9266485;ALVARES MACIEL, SANTA EFIGENIA, Belo Horizonte, MG, Brasil
FARMACIA E DROGARIA ESTRELA DA MANHA LTDA;AUGUSTO DOS ANJOS;RIO BRANCO;Belo Horizonte;MG;-19,8182833;-43,9854839;AUGUSTO DOS ANJOS, RIO BRANCO, Belo Horizonte, MG, Brasil
FARMACIA INOVA LTDA - ME;"CONDE D""EU";VERA CRUZ;Belo Horizonte;MG;-19,9142574;-43,8961135;"CONDE D""EU, VERA CRUZ, Belo Horizonte, MG, Brasil"
FARMACIA MORAIS E OLIVEIRA LTDA;PAULO TIMOTEO NASCIMENTO;SANTA CRUZ;Belo Horizonte;MG;-19,879677;-43,9444214;PAULO TIMOTEO NASCIMENTO, SANTA CRUZ, Belo Horizonte, MG, Brasil
FARMÁCIA NOSSA SENHORA APARECIDA LTDA;PARA DE MINAS;PADRE EUSTAQUIO;Belo Horizonte;MG;-19,9142953;-43,9886957;PARA DE MINAS, PADRE EUSTAQUIO, Belo Horizonte, MG, Brasil
FARMACIA SHALOOM LTDA;SAO GERALDO;CABANA DO PAI TOMAS;Belo Horizonte;MG;-19,9489786;-43,9992343;SAO GERALDO, CABANA DO PAI TOMAS, Belo Horizonte, MG, Brasil
FARMACIA SHALOOM LTDA - EPP;INDEPENDENCIA;JARDINOPOLIS;Belo Horizonte;MG;-19,9429554;-44,0020914;INDEPENDENCIA, JARDINOPOLIS, Belo Horizonte, MG, Brasil
FARMACIA TUPI LTDA ME;EDGARD TORRES;MINASCAIXA;Belo Horizonte;MG;-19,8093243;-43,9558795;EDGARD TORRES, MINASCAIXA, Belo Horizonte, MG, Brasil
FARMACIA VIEGAS LTDA;MAJOR DELFINO DE PAULA;SAO FRANCISCO;Belo Horizonte;MG;-19,8793223;-43,9577846;MAJOR DELFINO DE PAULA, SAO FRANCISCO, Belo Horizonte, MG, Brasil
FARMACIA WEBFARMA LTDA;FRANCISCO BICALHO;CAICARA;Belo Horizonte;MG;-19,9080208;-43,9757547;FRANCISCO BICALHO, CAICARA, Belo Horizonte, MG, Brasil
FARMAVINTE LTDA - ME;DOM JOAO VI;PALMEIRAS;Belo Horizonte;MG;-19,9734711;-43,9781957;DOM JOAO VI, PALMEIRAS, Belo Horizonte, MG, Brasil
FARMAVIT LTDA - EPP;ANAPURUS;SAO GABRIEL;Belo Horizonte;MG;-19,855913;-43,9185804;ANAPURUS, SAO GABRIEL, Belo Horizonte, MG, Brasil
FELIX PHARMA DROGARIA LTDA - ME;MARCELINO FERREIRA;SANTA INES;Belo Horizonte;MG;-19,8807187;-43,9125808;MARCELINO FERREIRA, SANTA INES, Belo Horizonte, MG, Brasil
IMG IRMAOS MOREIRA GUIMARAES LTDA - ME;MAGENTA;VITORIA;Belo Horizonte;MG;-19,8589858;-43,8927775;MAGENTA, VITORIA, Belo Horizonte, MG, Brasil
JOSE FELIX HORTA ME;LADAINHA,121, LOJA A;PRIMEIRO DE MAIO;Belo Horizonte;MG;-19,8609747;-43,9291079;LADAINHA,121, LOJA A, PRIMEIRO DE MAIO, Belo Horizonte, MG, Brasil
LUZA FARMACIA E PERFUMARIA LTDA - ME;ITAITE;SAO GERALDO;Belo Horizonte;MG;-19,8988686;-43,9031278;ITAITE, SAO GERALDO, Belo Horizonte, MG, Brasil
M.X.M. DRUGSTORE E PERFUMARIA LTDA - ME;Avenida MAGENTA 581;VITORIA;Belo Horizonte;MG;-19,860128;-43,8912335;Avenida MAGENTA 581, VITORIA, Belo Horizonte, MG, Brasil
MEDFÁCIL FARMACÊUTICA LTDA.;DOMINGOS VIEIRA;SANTA EFIGENIA;Belo Horizonte;MG;-19,9227465;-43,9237406;DOMINGOS VIEIRA, SANTA EFIGENIA, Belo Horizonte, MG, Brasil
MGU COMERCIO DE MEDICAMENTOS E PERFUMARIA LTDA;SAO PAULO;CENTRO;Belo Horizonte;MG;-19,9137377;-43,9385142;SAO PAULO, CENTRO, Belo Horizonte, MG, Brasil
NANGIMO & NANGIMO DROGARIA LTDA;JULITA NOGUEIRA SOARES;SANTA TEREZINHA;Belo Horizonte;MG;-19,8707202;-44,0083552;JULITA NOGUEIRA SOARES, SANTA TEREZINHA, Belo Horizonte, MG, Brasil
NILON MACEDO DROGARIA LTDA;PADRE JOSE MAURICIO;VISTA ALEGRE;Belo Horizonte;MG;-19,9520894;-43,9926409;PADRE JOSE MAURICIO, VISTA ALEGRE, Belo Horizonte, MG, Brasil
NÚCLEO FARMACÊUTICO LTDA;GUARAPARI;SANTA AMELIA;Belo Horizonte;MG;-19,8405072;-43,9778788;GUARAPARI, SANTA AMELIA, Belo Horizonte, MG, Brasil
ORGANIZACAO EXITO KIFARMA LTDA - ME;IZABEL BUENO;INDAIA;Belo Horizonte;MG;-19,8692914;-43,9497146;IZABEL BUENO, INDAIA, Belo Horizonte, MG, Brasil
R LOBATO & CIA LTDA;NILO PECANHA;SAGRADA FAMILIA;Belo Horizonte;MG;-19,9061272;-43,9245812;NILO PECANHA, SAGRADA FAMILIA, Belo Horizonte, MG, Brasil
RAIA DROGASIL S/A;ANDRE CAVALCANTI;GUTIERREZ;Belo Horizonte;MG;-19,9328128;-43,9576225;ANDRE CAVALCANTI, GUTIERREZ, Belo Horizonte, MG, Brasil
RAIA DROGASIL S/A;CLAUDIO MANOEL;FUNCIONARIOS;Belo Horizonte;MG;-19,9350048;-43,9270889;CLAUDIO MANOEL, FUNCIONARIOS, Belo Horizonte, MG, Brasil
RAIA DROGASIL S/A;CONCEICAO DO MATO DENTRO;OURO PRETO;Belo Horizonte;MG;-19,8710695;-43,9819295;CONCEICAO DO MATO DENTRO, OURO PRETO, Belo Horizonte, MG, Brasil
RAIA DROGASIL S/A;DOS GOITACAZES;CENTRO;Belo Horizonte;MG;-19,9234292;-43,9374195;DOS GOITACAZES, CENTRO, Belo Horizonte, MG, Brasil
RAIA DROGASIL S/A;GRAO MOGOL;CARMO;Belo Horizonte;MG;-19,944386;-43,9331149;GRAO MOGOL, CARMO, Belo Horizonte, MG, Brasil
RAIA DROGASIL S/A;ILACIR PEREIRA LIMA;SILVEIRA;Belo Horizonte;MG;-19,8884578;-43,9304315;ILACIR PEREIRA LIMA, SILVEIRA, Belo Horizonte, MG, Brasil
RAIA DROGASIL S/A;ITAJUBA;FLORESTA;Belo Horizonte;MG;-19,915091;-43,9306323;ITAJUBA, FLORESTA, Belo Horizonte, MG, Brasil
RAIA DROGASIL S/A;KEPLER;SANTA LUCIA;Belo Horizonte;MG;-19,9637996;-43,949628;KEPLER, SANTA LUCIA, Belo Horizonte, MG, Brasil
RAIA DROGASIL S/A;PADRE EUSTAQUIO;PADRE EUSTAQUIO;Belo Horizonte;MG;-19,9150018;-43,9788458;PADRE EUSTAQUIO, PADRE EUSTAQUIO, Belo Horizonte, MG, Brasil
RAIA DROGASIL S/A;PORTUGAL;JARDIM ATLANTICO;Belo Horizonte;MG;-19,8395941;-43,9909237;PORTUGAL, JARDIM ATLANTICO, Belo Horizonte, MG, Brasil
RAIA DROGASIL S/A;PROFESSOR MARIO WERNECK;ESTORIL;Belo Horizonte;MG;-19,9668128;-43,9591859;PROFESSOR MARIO WERNECK, ESTORIL, Belo Horizonte, MG, Brasil
RAIA DROGASIL S/A;PROFESSOR MARIO WERNECK;BURITIS;Belo Horizonte;MG;-19,9708;-43,9654204;PROFESSOR MARIO WERNECK, BURITIS, Belo Horizonte, MG, Brasil
RAIA DROGASIL S/A;PRUDENTE DE MORAIS;CIDADE JARDIM;Belo Horizonte;MG;-19,937306;-43,9472329;PRUDENTE DE MORAIS, CIDADE JARDIM, Belo Horizonte, MG, Brasil
RAIA DROGASIL S/A;RODOVIA BR-356 3049, 3049 - LJ.MA27/28;BELVEDERE;Belo Horizonte;MG;-19,9802752;-43,9465701;RODOVIA BR-356 3049, 3049 - LJ.MA27/28, BELVEDERE, Belo Horizonte, MG, Brasil
RAIA DROGASIL S/A;RUA ANTONIO DE ALBUQUERQUE, 845;FUNCIONARIOS;Belo Horizonte;MG;-19,9325162;-43,9273183;RUA ANTONIO DE ALBUQUERQUE, 845, FUNCIONARIOS, Belo Horizonte, MG, Brasil
RAIA DROGASIL S/A;RUA CURITIBA, 1923;LOURDES;Belo Horizonte;MG;-19,9296789;-43,9441009;RUA CURITIBA, 1923, LOURDES, Belo Horizonte, MG, Brasil
RAIA DROGASIL S/A;RUA DA BAHIA, 1130;CENTRO;Belo Horizonte;MG;-19,9247361;-43,9373966;RUA DA BAHIA, 1130, CENTRO, Belo Horizonte, MG, Brasil
RAIA DROGASIL S/A;RUA JOAO LUCIO BRANDAO, 10;PRADO;Belo Horizonte;MG;-19,9206269;-43,9573273;RUA JOAO LUCIO BRANDAO, 10, PRADO, Belo Horizonte, MG, Brasil
RAIA DROGASIL S/A;RUA PITANGUI, 2425;SAGRADA FAMILIA;Belo Horizonte;MG;-19,9070881;-43,9228024;RUA PITANGUI, 2425, SAGRADA FAMILIA, Belo Horizonte, MG, Brasil
SANDRO DROGARIA LTDA-ME;ERICO VERISSIMO;CANDELARIA;Belo Horizonte;MG;-19,8152539;-43,9696626;ERICO VERISSIMO, CANDELARIA, Belo Horizonte, MG, Brasil
SINERGIA COMERCIO DE MEDICAMENTOS E PRODUTOS NUTRICIONAIS E DROGARIA LTDA - ME;DOS GEOLOGOS;ALIPIO DE MELO;Belo Horizonte;MG;-19,8951602;-44,0001618;DOS GEOLOGOS, ALIPIO DE MELO, Belo Horizonte, MG, Brasil
SIOFARMA LTDA - ME;VOLTS;PRIMEIRO DE MAIO;Belo Horizonte;MG;-19,862292;-43,9293975;VOLTS, PRIMEIRO DE MAIO, Belo Horizonte, MG, Brasil
SMR MEDICAMENTOS E PERFUMARIA LTDA;URSULA PAULINO;ESTRELA DO ORIENTE;Belo Horizonte;MG;-19,9597776;-43,9893759;URSULA PAULINO, ESTRELA DO ORIENTE, Belo Horizonte, MG, Brasil
SOCIEDADE COMERCIAL SANTA HELENA LTDA;RUA  BELMIRO BRAGA Nº 520;Caiçara;Belo Horizonte;MG;-19,8997005;-43,9652556;RUA  BELMIRO BRAGA Nº 520, Caiçara, Belo Horizonte, MG, Brasil
STATUS DROGARIA E PERFUMARIA LTDA;FLOR-DE-PITANGUEIRA;MINEIRAO;Belo Horizonte;MG;-20,0228302;-44,0291332;FLOR-DE-PITANGUEIRA, MINEIRAO, Belo Horizonte, MG, Brasil
SUL DROGAS LTDA;SILVA LOBO;ALTO BARROCA;Belo Horizonte;MG;-19,933732;-43,9717577;SILVA LOBO, ALTO BARROCA, Belo Horizonte, MG, Brasil
SUPREMA FORMULA FARMACIA DE MANIPULACAO LTDA - ME;BARAO DE COROMANDEL;BARREIRO;Belo Horizonte;MG;-19,9755422;-44,0189986;BARAO DE COROMANDEL, BARREIRO, Belo Horizonte, MG, Brasil
T & M DROGARIA E PERFUMARIA LTDA - ME;PROFESSORA GABRIELA VARELA;JARDIM GUANABARA;Belo Horizonte;MG;-19,8288016;-43,9322124;PROFESSORA GABRIELA VARELA, JARDIM GUANABARA, Belo Horizonte, MG, Brasil
THYAGO FERREIRA CUNHA - DROGARIA - ME;FLOR-DE-PITANGUEIRA;MINEIRAO;Belo Horizonte;MG;-20,0228302;-44,0291332;FLOR-DE-PITANGUEIRA, MINEIRAO, Belo Horizonte, MG, Brasil
UAI FARMA LTDA - ME;EXPEDITO FLAVIANO DA COSTA;LAGOA;Belo Horizonte;MG;-19,8107588;-44,0018822;EXPEDITO FLAVIANO DA COSTA, LAGOA, Belo Horizonte, MG, Brasil
UPA FARMA LTDA - ME;RUA AURELIO LOPES, 133 - LOJA A;DIAMANTE (BARREIRO);Belo Horizonte;MG;-19,9924221;-44,0192116;RUA AURELIO LOPES, 133 - LOJA A, DIAMANTE (BARREIRO), Belo Horizonte, MG, Brasil
VILELA E MENEZES DROGARIA E PERFUMARIA LTDA - ME;PINTOR RENATO LIMA;TUPI B;Belo Horizonte;MG;-19,8397421;-43,9121549;PINTOR RENATO LIMA, TUPI B, Belo Horizonte, MG, Brasil
VIP FARMA LTDA;ANTONIO JOSE DOS SANTOS;CEU AZUL;Belo Horizonte;MG;-19,8227499;-44,0039799;ANTONIO JOSE DOS SANTOS, CEU AZUL, Belo Horizonte, MG, Brasil
W FROES COMERCIAL LTDA - ME;SILVA ALVARENGA;SAO GERALDO;Belo Horizonte;MG;-19,899898;-43,8978081;SILVA ALVARENGA, SAO GERALDO, Belo Horizonte, MG, Brasil
WD MEDICAMENTOS LTDA;JULIO MESQUITA;ITAIPU (BARREIRO);Belo Horizonte;MG;-19,9970869;-44,0507725;JULIO MESQUITA, ITAIPU (BARREIRO), Belo Horizonte, MG, Brasil
DROGARIA ARAUJO S A;AVENIDA DO CONTORNO, 6714;LOURDES;Belo Horizonte;MG;-19,9391827;-43,9416411;AVENIDA DO CONTORNO, 6714, LOURDES, Belo Horizonte, MG, Brasil
